sims,naive,antithetic,control_variates,importance_sampling,stratified
100,0.067845,0.010933,0.000000,0.031617,0.035623
1000,0.019436,0.009393,0.014050,0.021659,0.006166
5000,0.019058,0.012286,0.016492,0.017886,0.018837
10000,0.010946,0.016257,0.014818,0.011488,0.016022
50000,0.014801,0.014808,0.014720,0.011396,0.020082
100000,0.013503,0.014325,0.014397,0.013779,0.020553
