sims,naive,antithetic,control_variates
100,0.067845,0.010933,0.000000
1000,0.016501,0.010708,0.012719
5000,0.016074,0.013708,0.013648
10000,0.013855,0.015248,0.014764
50000,0.015037,0.015385,0.014108
100000,0.014181,0.014089,0.014657
