sims,naive,antithetic,control_variates
100,0.067845,0.010933,0.000810
1000,0.012568,0.012324,0.007288
5000,0.015020,0.014270,0.014056
10000,0.015160,0.016045,0.013331
50000,0.013812,0.015238,0.014319
100000,0.013706,0.014274,0.015106
